{"cameraMode":{"drawMode":0,"name":"Shaded","section":"Shading Mode"},"sceneLighting":true,"audioPlay":false,"sceneViewState":{"m_AlwaysRefresh":false,"showFog":true,"showSkybox":true,"showFlares":true,"showImageEffects":true,"showParticleSystems":true,"showVisualEffectGraphs":true,"m_FxEnabled":false},"in2DMode":false,"pivot":{"x":5.276978969573975,"y":1.8025004863739014,"z":-2.9500513076782228},"rotation":{"x":-0.020170269533991815,"y":0.9293890595436096,"z":0.05134562775492668,"w":0.36508241295814516},"size":5.6681742668151859,"orthographic":false}